begintrip_lat,begintrip_lng,begintrip_timestamp_local,surge_multiplier
22.3148718,114.1676409,13:07:16,1.3
22.2805783,114.14848,21:29:20,1.3
22.27803686,114.1823776,21:26:24,1.5
22.28398103,114.1587374,18:44:01,1.3
22.27449707,114.1629995,09:16:56,1.8
22.2872373,114.1496788,06:53:14,1.5
22.31904427,114.1859751,12:12:42,1.6
22.2685449,114.1818089,07:53:28,2.1
22.280505,114.1578783,19:38:20,1.7
22.3028935,114.185342,19:20:08,1.3
22.289926,114.1979951,09:05:17,1.2
22.2777361,114.1917739,09:50:57,1.3
22.28052148,114.1576207,22:12:45,1.3
22.2790114,114.1870481,19:43:33,1.6
22.2809492,114.1578453,23:18:04,1.7
22.28349817,114.1548508,20:25:23,1.9
22.268882,114.1632545,20:02:33,1.9
22.2970554,114.1710946,22:19:32,1.3
22.3034243,114.1607215,18:21:11,1.5
22.2869505,114.144788,22:35:03,1.2
22.30262708,114.1853535,15:09:19,1.5
22.2823551,114.1596757,11:46:40,1.4
22.2792971,114.1519191,07:51:26,1.7
22.2883067,114.1451383,14:23:53,1.5
22.28427851,114.15409,13:48:22,1.2
22.2805338,114.157479,16:45:12,1.5
22.27329382,114.1858546,20:07:32,1.5
22.31266126,114.2201403,19:05:45,1.5
22.287436,114.1946601,09:31:29,1.4
22.3263678,114.205228,18:45:06,1.9
22.2821303,114.1597532,18:59:30,2.4
22.2818691,114.1853288,08:46:11,1.4
22.2913755,114.2081142,18:49:26,2
22.2782699,114.1826739,23:08:06,1.5
22.27806472,114.1823433,19:07:43,1.3
22.2817411,114.1561571,02:00:59,1.5
22.2937714,114.1737606,23:27:51,1.4
22.2724513,114.1762193,18:00:01,1.5
22.28603756,114.1492108,18:17:06,1.4
22.31846737,114.1688595,19:38:22,1.3
22.28357875,114.1541081,18:40:39,1.9
22.3044165,114.162629,19:32:19,1.5
22.2485367,114.1680883,12:25:55,2.1
22.2867969,114.1502453,14:03:29,2.4
22.2817055,114.1827194,14:25:48,1.2
22.2817617,114.1569957,19:15:39,1.3
22.27043426,114.1932403,15:02:48,1.5
22.2852672,114.1552547,19:58:47,2.2
22.2673918,114.1834392,16:23:20,1.2
22.2809112,114.1545394,14:13:47,2.6
22.2823649,114.1595664,15:37:43,1.4
22.28489442,114.1541932,19:59:46,1.8
22.2485197,114.154627,21:39:42,1.7
22.2852842,114.1583655,21:39:49,1.2
22.28079919,114.1723183,16:22:49,1.5
22.2808275,114.1717157,14:55:04,1.5
22.2820646,114.1466522,10:57:37,1.8
22.25677677,114.1319604,18:50:27,1.5
22.2694145,114.1834606,17:14:56,1.5
22.28665061,114.1365506,16:56:06,1.5
22.2888987,114.1992539,12:30:59,1.6
22.28448844,114.1497692,16:43:27,1.5
22.28139981,114.1724579,15:11:58,1.5
22.2972483,114.1735817,23:54:38,1.3
22.2752824,114.1716118,17:45:26,1.7
22.26631797,114.1815993,17:24:10,1.4
22.28218853,114.159694,19:36:06,1.7
22.28067896,114.1548766,04:13:49,1.4
22.2662688,114.1782817,18:06:07,1.7
22.27468342,114.1604388,08:22:03,1.5
22.2807962,114.1566067,19:46:31,1.7
22.2749034,114.1719458,08:36:03,1.8
22.28458366,114.1584232,14:23:33,1.2
22.3191369,114.1570761,14:15:20,1.5
22.280778,114.1565727,18:08:15,1.5
22.2820604,114.1504849,11:57:29,1.9
22.27754859,114.1651215,14:03:08,1.5
22.28172112,114.159032,18:55:05,1.6
22.2838134,114.1586589,17:57:01,1.9
22.28342415,114.1565324,02:07:20,1.5
22.28843,114.1965267,19:04:20,2
22.2861324,114.1464957,07:48:34,2.1
22.305713,114.2267455,13:44:24,1.5
22.2772986,114.182897,19:58:33,1.5
22.285456,114.156285,13:27:08,1.5
22.2803095,114.1573511,22:12:48,1.7
22.279131,114.1608646,19:52:30,1.4
22.2814113,114.1592746,20:08:06,1.3
22.28125332,114.1435252,07:56:49,1.4
22.2805984,114.1578462,18:12:17,2.5
22.28250214,114.1502174,12:56:01,1.2
22.2877945,114.1475669,17:52:54,2.1
22.2967736,114.1700536,22:57:27,1.5
22.28057941,114.1727424,17:43:38,1.9
22.3057808,114.1662959,23:24:42,1.5
22.2801505,114.1869926,18:16:51,1.6
22.2792332,114.186193,20:01:55,1.3
22.3045005,114.160461,18:54:57,1.9
22.27716,114.1761117,19:24:10,1.6
22.28065121,114.1864225,12:07:41,1.7
22.2676917,114.1576567,11:20:49,1.5
22.2853469,114.2127359,20:27:43,1.5
22.2910041,114.203187,19:13:26,1.2
22.2813728,114.1817376,04:15:25,1.5
22.30696633,114.1769021,22:24:14,1.5
22.28542898,114.1583905,14:53:47,1.3
22.2773565,114.165932,21:58:03,1.5
22.27806158,114.150478,08:29:44,3.2
22.3820517,114.1790967,13:43:19,1.2
22.2791449,114.1503702,08:13:20,1.7
22.27464809,114.1603052,08:22:45,2.4
22.2825933,114.1553183,08:16:09,2.4
22.2846567,114.1480633,17:17:57,1.5
22.27895914,114.1607784,12:38:46,1.9
22.3406049,114.2031906,12:03:48,1.5
22.2778168,114.1592123,17:17:17,1.6
22.274994,114.1740904,08:40:02,1.5
22.31767332,114.1648796,19:29:20,1.4
22.304648,114.1602482,18:39:49,1.7
22.27960604,114.1552487,20:19:59,1.3
22.2772536,114.1648311,19:03:59,1.7
22.2804667,114.17643,19:37:47,1.2
22.27694179,114.1794135,13:45:57,1.4
22.3038418,114.1790935,12:56:56,1.5
22.2777627,114.166357,08:36:11,1.7
22.32136262,114.2127217,18:57:54,1.5
22.2843826,114.1529643,14:05:47,1.4
22.28722606,114.1336322,15:11:58,1.5
22.29812574,114.1678344,13:54:42,1.2
22.2823989,114.149441,13:02:49,1.2
22.3375622,114.1765222,19:08:16,1.5
22.2983477,114.1731904,15:08:20,1.5
22.28334509,114.1552826,19:01:19,1.6
22.3182689,114.155887,08:48:58,1.5
22.26518454,114.1338572,19:10:19,1.2
22.30895066,114.1740969,12:26:51,1.4
22.26734384,114.1869858,09:08:54,1.5
22.2967695,114.1700888,12:20:02,2.1
22.30302414,114.1604543,18:55:05,1.5
22.28521637,114.1595519,18:48:21,1.7
22.27737364,114.1647875,17:19:13,1.2
22.3738722,114.1206285,12:50:59,1.8
22.27308718,114.154225,18:27:50,1.4
22.2374282,114.1966933,18:35:04,1.9
22.2659605,114.1885027,07:44:19,1.3
22.2972163,114.1743883,18:37:07,1.3
22.3196445,114.1763041,18:56:50,1.3
22.3046117,114.1604219,14:12:45,1.7
22.3090659,114.1763394,13:08:19,2.1
22.2810575,114.1717866,17:38:22,1.7
22.239245,114.1600509,18:56:53,1.7
22.3047044,114.1842441,13:44:42,2.1
22.2277333,114.2012333,13:12:38,1.3
22.28654,114.1604917,18:36:14,2.6
22.2765893,114.180044,12:53:14,1.8
22.3090989,114.1748542,14:28:25,1.3
22.29642281,114.169194,22:31:59,1.9
22.2808126,114.1590915,18:23:12,1.3
22.28583948,114.1926848,12:45:13,1.3
22.26980968,114.1677608,07:45:40,2
22.2840203,114.1299326,09:45:23,1.9
22.27248456,114.1849527,09:23:35,1.8
22.2883688,114.1465228,14:20:44,1.2
22.2847711,114.1459398,14:02:08,1.2
22.30603551,114.1636349,08:05:01,1.6
22.27712516,114.1660843,14:46:42,1.9
22.2776298,114.1721494,14:06:21,1.4
22.2765606,114.1650509,16:35:59,1.3
22.2762311,114.1540214,18:45:33,3.5
22.2754583,114.1537633,12:15:04,1.4
22.2839923,114.146109,14:27:46,1.5
22.2804299,114.1736177,17:28:47,1.5
22.28985018,114.1983139,08:53:47,1.4
22.2465899,114.1641154,07:38:39,1.5
22.2737821,114.1639797,19:24:14,1.6
22.2834115,114.1559735,23:34:19,1.5
22.2805013,114.1737433,19:44:27,1.7
22.28499973,114.1503892,18:54:26,1.4
22.28150989,114.1739288,18:38:47,1.4
22.2816165,114.1583067,20:18:53,1.5
22.28621487,114.2136234,20:23:12,1.2
22.28014515,114.1833006,18:22:04,1.5
22.27894779,114.160827,19:17:26,1.9
22.2776524,114.1593489,14:57:45,1.9
22.28435148,114.1421894,08:31:10,2.1
22.2766599,114.1676986,16:30:22,1.6
22.29672879,114.169101,23:36:26,1.6
22.3753488,114.1107635,12:58:59,2
22.30414468,114.167197,08:32:26,1.2
22.30315892,114.160473,19:37:28,2
22.27711057,114.1659539,19:56:43,1.5
22.30051211,114.1761328,23:27:58,1.2
22.3488687,114.2004346,08:42:43,1.4
22.2708474,114.1267349,08:53:55,1.5
22.280865,114.1565453,20:25:16,1.4
22.28009264,114.158629,18:50:40,1.7
22.2862106,114.1569682,17:55:58,2.1
22.32764649,114.1827584,18:07:37,1.3
22.29995343,114.1849858,07:53:46,1.4
22.31138129,114.1864459,07:53:28,1.4
22.3386464,114.1874608,19:43:45,1.2
22.3340052,114.1422784,11:34:04,1.5
22.2814158,114.1614552,18:37:00,1.2
22.29684824,114.1699841,13:09:56,1.6
22.2853423,114.1487702,13:51:56,1.5
22.3285921,114.1898566,11:27:36,1.5
22.2799173,114.1535412,08:21:53,1.7
22.285566,114.1593178,18:43:46,1.8
22.27739751,114.1650027,17:54:10,1.3
22.332865,114.18111,22:42:18,1.3
22.32282837,114.1903241,18:56:49,1.3
22.28139737,114.1724501,16:30:54,1.3
22.2843903,114.1565076,17:57:23,1.3
22.2615007,114.1329477,08:29:34,1.4
22.2819852,114.1221631,12:09:24,1.4
22.33886876,114.2001747,19:44:37,1.4
22.32895082,114.1771673,12:18:43,1.6
22.2840208,114.2243624,09:56:44,2.4
22.33836721,114.1402292,18:29:28,1.4
22.3630226,114.1327066,13:29:53,1.4
22.2730606,114.1593987,19:11:53,2.1
22.2806357,114.1575731,17:49:25,1.2
22.2890139,114.1962026,13:34:42,2.1
22.31055439,114.2588318,13:16:30,1.6
22.2823967,114.1431083,13:01:05,2
22.2844054,114.2234184,11:02:46,1.4
22.2768555,114.167676,18:58:13,2
22.28211266,114.1318014,18:59:59,1.7
22.28550903,114.1594298,11:34:07,1.5
22.27911644,114.164655,16:02:25,1.5
22.2819299,114.1546551,19:20:21,2.1
22.30249026,114.1848817,23:58:07,1.4
22.286573,114.1542332,16:41:48,1.5
22.2844624,114.1567761,17:34:33,1.5
22.2867483,114.1411722,11:52:03,1.7
22.2954667,114.1692345,19:30:31,2.2
22.2760298,114.1559687,11:55:38,2.4
22.33384004,114.1971941,19:29:29,1.2
22.2783296,114.1825133,15:04:07,1.3
22.30097397,114.1757257,23:16:21,1.6
22.2794576,114.1801882,15:11:43,1.3
22.2852221,114.1583708,18:46:23,1.4
22.2838823,114.1588885,19:25:03,1.9
22.2774334,114.1852235,18:47:35,1.4
22.29941439,114.1684972,18:39:59,1.3
22.2794808,114.1602822,13:06:08,1.4
22.312346,114.1856816,13:22:36,1.5
22.2980591,114.1704908,22:35:46,2
22.28235798,114.1471307,11:18:11,1.3
22.28708339,114.1448475,22:15:13,1.7
22.3032053,114.1615184,08:41:34,1.4
22.2802187,114.1548384,17:39:27,1.5
22.299037,114.1685061,18:02:23,1.6
22.3154886,114.1709255,22:55:28,1.5
22.2797226,114.1523768,14:54:18,2.3
22.2849556,114.2157745,20:06:19,2
22.2806357,114.1575194,14:08:26,1.2
22.2791019,114.1505833,07:50:49,1.7
22.2804351,114.1619953,19:11:55,1.9
22.2764441,114.1757377,14:54:02,1.9
22.3013489,114.183559,00:20:04,1.5
22.281535,114.1556641,19:16:59,1.8
22.3027026,114.185374,08:40:36,1.8
22.28069366,114.1548714,22:56:09,1.7
22.3226893,114.1721515,04:16:34,1.5
22.30455644,114.1603198,16:34:40,1.5
22.27685913,114.1641704,13:45:07,1.2
22.30377171,114.1859027,18:23:27,1.3
22.30232313,114.1848474,09:27:57,1.5
22.280766,114.1548464,04:35:34,1.5
22.28208783,114.1558182,04:51:30,1.3
22.282135,114.1536317,18:10:20,2.1
22.3036394,114.1613161,18:54:31,1.5
22.30461949,114.1603661,11:43:46,1.5
22.27717561,114.1649403,13:34:12,2
22.32013964,114.1564124,12:43:58,2.9
22.2679557,114.188995,13:49:18,1.2
22.29674044,114.1701028,19:05:12,1.4
22.2686207,114.1819973,08:25:31,1.5
22.2839964,114.1544269,19:27:26,1.5
22.297483,114.1744299,15:52:48,1.2
22.2803302,114.1629878,12:26:21,2.2
22.33410204,114.1788306,16:06:52,1.3
22.2807762,114.1573974,19:21:14,1.6
22.28700715,114.1477081,13:01:43,1.5
22.28497072,114.1517695,00:53:52,1.5
22.2783964,114.1855905,13:48:55,1.5
22.32280325,114.1680821,18:36:40,1.4
22.2999838,114.1680735,19:24:03,1.9
22.33941984,114.1512527,16:51:16,1.2
22.286465,114.1432133,12:45:30,2
22.2767605,114.1642015,08:38:48,2.5
22.2823478,114.1844923,09:00:37,2
22.2813342,114.1612434,18:31:01,1.2
22.28334086,114.1266584,08:15:24,1.7
22.2749655,114.1615257,07:32:17,1.9
22.28244058,114.1532523,22:29:26,1.2
22.314778,114.1671765,08:40:50,2.4
22.25849113,114.193442,18:35:57,1.3
22.28614743,114.2156716,19:13:23,1.3
22.2877255,114.1477067,18:38:21,1.5
22.2781216,114.1845886,22:30:47,1.2
22.2644366,114.1886989,08:35:19,1.5
22.28056571,114.1574106,18:27:52,1.3
22.28144644,114.1593772,23:19:36,1.5
22.2982191,114.1756197,23:47:59,1.2
22.27178701,114.1774495,08:50:03,1.8
22.2980933,114.1689183,22:23:01,1.5
22.27661282,114.1574236,08:48:14,1.7
22.2824228,114.1445903,09:45:25,1.3
22.2769127,114.1937947,09:39:26,1.6
22.2757683,114.1554359,09:28:45,1.4
22.2965697,114.1715328,16:13:40,1.2
22.2765014,114.1651309,08:37:31,2.3
22.2818247,114.1565582,03:59:31,1.5
22.28263657,114.1553231,12:49:45,1.4
22.27694197,114.164115,18:23:46,1.4
22.28068196,114.1575705,05:22:05,1.7
22.28263059,114.1553283,12:14:33,2.4
22.30682739,114.1842137,19:17:23,1.4
22.2805687,114.1763214,19:14:02,1.8
22.28086607,114.1727882,16:56:09,1.7
22.27677682,114.1642939,09:21:27,1.5
22.2807067,114.157395,19:22:12,2.5
22.3269172,114.177218,17:23:33,1.4
22.30180767,114.1788352,18:17:08,1.5
22.28067483,114.1624593,20:40:26,1.2
22.28081963,114.1720451,23:26:50,1.3
22.3860967,114.269705,08:52:04,1.5
22.2791604,114.1602775,13:03:25,1.2
22.2803997,114.1740013,12:47:26,1.4
22.2846569,114.1582011,12:42:27,2
22.27903216,114.1609708,19:34:49,1.4
22.3141202,114.1709246,14:23:43,1.3
22.27653893,114.1713485,14:10:57,2.1
22.28127206,114.1620442,00:23:39,1.5
22.303187,114.1599299,17:38:30,1.5
22.27940583,114.1587775,15:37:37,1.5
22.27098256,114.1848092,09:13:02,1.3
22.2799191,114.1642203,14:31:00,1.7
22.28187348,114.1583443,15:17:06,1.5
22.28054621,114.172805,20:00:18,1.5
22.28088389,114.1581318,18:56:51,1.4
22.2805486,114.1588995,20:28:43,1.5
22.2730239,114.1858938,06:45:39,1.5
22.2816287,114.1552022,18:18:25,2
22.2823825,114.1554022,12:40:41,2.6
22.28226853,114.1561355,11:59:31,1.2
22.29613868,114.1712156,19:22:26,1.5
22.2871766,114.1570717,11:02:28,1.5
22.2760052,114.2412561,07:21:51,1.5
22.2642894,114.155883,14:41:20,1.5
22.285405,114.1583967,14:33:16,1.3
22.24369063,114.1460806,13:56:44,1.3
22.3032464,114.1598279,22:00:57,1.5
22.3068178,114.1842934,14:52:02,1.2
22.29483972,114.1718335,18:36:08,1.6
22.2839061,114.1308735,09:08:59,1.4
22.31658234,114.1772361,14:07:31,2.1
22.29970717,114.1792377,19:48:10,1.5
22.31914,114.186165,19:08:07,1.9
22.2804887,114.1831822,22:06:27,1.3
22.27602352,114.1524968,22:16:18,1.2
22.2822699,114.1576383,23:15:46,2.1
22.2842328,114.1453133,08:10:46,1.4
22.2842334,114.1544291,18:11:14,1.5
22.29708549,114.1734322,12:40:47,1.5
22.2835502,114.2176853,11:36:12,1.4
22.2828642,114.1556612,23:51:13,1.2
22.25401572,114.1321514,08:48:37,1.7
22.33803287,114.174218,19:32:01,1.4
22.2807784,114.1574673,19:07:25,2.6
22.2779768,114.1755285,22:23:47,1.7
22.2787399,114.1828303,19:06:31,1.3
22.2767007,114.1677022,08:30:00,1.5
22.28377467,114.1922942,09:22:06,1.5
22.29932944,114.16852,15:21:32,1.2
22.28059945,114.1574246,16:45:59,1.5
22.2682441,114.1861935,09:37:36,2
22.2862233,114.1531,14:47:07,2
22.2812097,114.1411715,17:34:08,1.6
22.3644784,114.1157579,13:33:12,1.6
22.27808765,114.1703926,01:12:14,1.2
22.28354,114.1918683,19:39:03,1.5
22.3162338,114.1704951,13:04:37,1.9
22.3196097,114.2537406,11:54:39,1.3
22.30463792,114.1711175,14:47:05,2.6
22.2749818,114.1720722,13:52:44,1.9
22.28175379,114.1555302,15:32:41,1.4
22.2970638,114.1734238,12:49:19,1.5
22.28077292,114.157432,11:55:26,1.7
22.2782832,114.1832952,19:46:13,2.1
22.31179408,114.1894202,13:24:52,1.5
22.29910591,114.1736311,19:52:46,1.3
22.2950227,114.1718705,23:20:55,2.2
22.30461495,114.1598486,19:17:07,1.9
22.31937785,114.1750462,12:28:59,1.4
22.26000528,114.1321381,11:14:11,1.5
22.2745973,114.1788346,12:43:12,1.5
22.2940767,114.1691933,23:42:59,1.2
22.30788723,114.1901086,23:56:44,1.2
22.27763,114.1660545,12:26:14,2.1
22.2870562,114.153573,15:52:41,1.6
22.2848719,114.1586815,22:59:04,1.5
22.30514367,114.1893699,08:32:26,1.6
22.2847376,114.1584271,23:19:33,1.8
22.2829765,114.1261007,14:26:01,1.3
22.2803619,114.1696256,22:49:13,1.5
22.2635097,114.2519909,09:13:46,1.5
22.279885,114.159045,22:13:48,1.7
22.3072282,114.1857236,18:04:58,1.5
22.3386531,114.2138783,17:40:21,1.4
22.28445676,114.1490659,09:06:58,1.4
22.2840392,114.154781,20:36:45,1.2
22.2937899,114.1736924,23:12:23,1.5
22.3085497,114.1699261,18:35:25,1.5
22.28327172,114.191743,08:10:09,1.5
22.2864651,114.131975,15:28:36,1.5
22.2982886,114.1727025,17:45:41,1.6
22.3052478,114.1733164,16:47:43,1.3
22.295069,114.1717853,14:47:40,1.5
22.28186693,114.214488,14:32:20,1.5
22.2822495,114.1594089,22:43:44,1.4
22.2789424,114.1609605,19:46:32,2.1
22.3243328,114.2064892,14:43:07,1.5
22.2801173,114.1575014,20:04:27,1.3
22.28236694,114.1496119,08:40:32,1.7
22.26719104,114.1852557,08:50:16,2.8
22.2843457,114.2187132,07:38:46,1.7
22.3098836,114.1726107,13:47:26,1.6
22.2813592,114.158976,12:02:41,1.5
22.30327761,114.16054,13:57:32,1.3
22.274862,114.1728668,07:16:32,1.5
22.2771212,114.1931624,09:52:14,1.5
22.2863049,114.1567841,19:49:37,2
22.30391637,114.1604859,14:41:52,1.2
22.32973317,114.2151281,12:41:01,1.5
22.2854084,114.1585328,19:11:45,1.5
22.2830317,114.1490667,00:00:40,1.3
22.2774549,114.1816382,11:09:15,1.2
22.2773208,114.1646842,19:00:22,1.6
22.31229155,114.2235737,12:34:26,2
22.29579151,114.1717354,07:44:22,1.5
22.320074,114.1558821,14:26:55,1.5
22.30310604,114.1605322,12:01:31,2
22.2790646,114.1610061,12:03:58,2.4
22.2970146,114.1693067,22:04:16,1.5
22.2856376,114.1465605,12:45:48,2.2
22.32042791,114.1666858,23:01:54,1.5
22.2817449,114.1425564,17:54:34,1.5
22.27559355,114.1534521,19:21:27,2.3
22.2867432,114.1427729,08:44:48,1.4
22.296612,114.1719054,23:25:28,1.4
22.29622818,114.1693537,22:55:37,1.6
22.2631617,114.1892867,19:40:05,1.6
22.2881137,114.1393078,13:58:21,1.4
22.32646195,114.2053571,18:31:19,1.2
22.32617731,114.1843658,13:42:20,1.4
22.2844334,114.1537291,19:48:22,1.3
22.2756283,114.1602767,13:51:43,1.4
22.2746207,114.1719513,14:33:44,1.2
22.2773191,114.1653033,19:04:34,1.3
22.2767218,114.1674996,20:05:27,1.5
22.2871737,114.1492028,18:50:27,2
22.27940507,114.1842467,20:01:41,1.5
22.2810645,114.1863558,16:31:48,1.7
22.31683921,114.2265198,12:30:15,1.5
22.2798278,114.1590819,19:32:28,1.5
22.2793161,114.1732892,14:50:58,1.2
22.2748886,114.1603334,12:54:21,1.5
22.2825697,114.151306,19:57:52,1.5
22.2742838,114.1735038,21:57:54,1.5
22.2852404,114.1488936,07:53:41,2.4
22.2818073,114.1262239,07:41:41,1.4
22.2808935,114.15716,16:47:19,1.5
22.2857658,114.1525181,15:00:16,1.5
22.2856973,114.1558153,19:03:58,2.8
22.27792,114.1679733,09:48:37,1.5
22.28605825,114.1564557,18:43:57,1.7
22.27548208,114.170933,12:42:18,1.9
22.2770021,114.1543472,09:39:16,1.3
22.28614643,114.1566619,19:27:16,1.5
22.28063076,114.1736211,12:38:09,1.9
22.28473472,114.192036,09:02:17,1.8
22.2801017,114.1623566,14:23:43,1.3
22.33787205,114.1742284,13:12:17,1.2
22.28178407,114.157425,04:45:52,2
22.2779574,114.1925243,17:49:40,1.5
22.2185451,114.2115241,14:25:37,1.5
22.30469907,114.185966,14:12:57,1.7
22.28557105,114.1945578,18:41:18,1.4
22.2449578,114.1670998,19:10:14,1.5
22.3026072,114.175464,23:47:27,1.7
22.34202795,114.2112315,20:06:22,1.2
22.27651,114.1648917,14:01:04,1.5
22.27749529,114.1655499,04:42:31,2
22.27253598,114.1258608,11:55:49,1.5
22.2724204,114.1753164,18:50:17,1.6
22.3341245,114.1969827,13:02:01,2.1
22.27669322,114.1674641,22:58:31,1.5
22.27674642,114.1729484,23:45:38,1.4
22.3381866,114.1502677,14:26:57,1.5
22.29889666,114.174671,18:16:00,1.5
22.29621136,114.1696957,11:06:13,1.7
22.2842467,114.1423684,04:52:41,1.5
22.27732483,114.16493,19:19:56,2.1
22.29565493,114.1729922,12:00:50,1.8
22.3182244,114.1611985,19:25:19,1.2
22.28747571,114.1904551,23:17:35,1.5
22.2807351,114.1571953,11:49:52,2.5
22.29563291,114.1723719,08:40:45,1.7
22.2983933,114.1748117,23:21:10,1.6
22.2830091,114.157927,16:29:42,1.2
22.2827307,114.1558236,14:19:04,2.1
22.29208,114.1974133,15:36:56,1.5
22.3195056,114.1567564,08:18:45,1.2
22.2518795,114.1778421,12:20:30,1.4
22.2789623,114.1614115,16:02:13,1.2
22.2819219,114.1561793,13:41:01,1.4
22.2869992,114.1905052,15:36:18,1.3
22.29531933,114.1693935,14:31:06,1.5
22.2779586,114.1823815,15:41:57,1.9
22.2743303,114.1781206,15:40:33,1.9
22.2823481,114.1586428,20:31:31,1.3
22.2793977,114.1607497,11:57:47,2.3
22.2835915,114.1590105,15:12:02,1.5
22.2810445,114.1574845,11:53:08,1.7
22.2787686,114.1865383,10:47:06,1.3
22.2772987,114.1651212,16:28:37,1.7
22.2816582,114.1740798,14:58:21,1.4
22.30157617,114.1759497,17:49:20,1.5
22.318182,114.1764562,12:31:35,1.4
22.2827332,114.1553791,20:01:15,1.8
22.287468,114.1904874,15:10:11,1.2
22.285494,114.1593705,18:31:24,1.5
22.2754888,114.1596553,16:10:00,1.6
22.3021598,114.1685933,14:14:59,1.5
22.29566251,114.1734671,12:18:59,1.7
22.27525511,114.1714062,13:02:36,2.2
22.2773763,114.1653464,14:56:06,2.1
22.2798589,114.1528824,13:22:56,2.7
22.29848973,114.1685049,14:49:06,1.9
22.27685873,114.1680898,15:04:17,2.1
22.280665,114.1575283,14:21:16,1.5
22.2971905,114.1738225,17:07:52,1.4
22.31872818,114.1681471,17:42:38,1.5
22.27559825,114.1571981,14:40:22,1.4
22.2490063,114.16957,13:22:07,1.3
22.2673447,114.2409444,09:30:13,1.5
22.27680622,114.167306,18:45:57,1.7
22.2745847,114.1959827,08:01:40,1.4
22.27816583,114.1827224,23:12:49,1.8
22.28171753,114.157335,21:52:46,1.5
22.2812203,114.1588946,17:57:57,1.5
22.27851,114.16489,20:02:41,1.3
22.2783095,114.1850183,18:33:22,2.5
22.28565416,114.1521322,14:58:35,1.5
22.2808307,114.157508,20:55:10,1.4
22.2685152,114.1832738,09:42:58,2
22.3045015,114.1601611,18:56:41,1.3
22.2803133,114.1575617,20:34:30,1.3
22.280627,114.1575372,19:44:08,2.1
22.2921747,114.2067999,20:04:06,1.3
22.2806124,114.1575073,17:47:55,1.5
22.33386742,114.1465284,19:26:08,1.2
22.2806511,114.1738847,13:54:22,1.4
22.306037,114.172917,18:53:18,1.5
22.2804045,114.1708201,22:49:06,1.5
22.3414681,114.2078633,08:57:34,1.2
22.2819548,114.1545292,03:48:04,1.7
22.29751132,114.174251,23:16:09,1.7
22.306221,114.1611837,23:28:25,1.5
22.2774125,114.1679639,00:43:34,1.5
22.2805664,114.1735318,09:42:21,1.5
22.28079014,114.1487737,09:09:21,3
22.3004854,114.1724201,14:07:56,1.6
22.2804816,114.162611,23:06:34,1.5
22.2779002,114.1820174,09:17:30,2.1
22.2800489,114.1553215,12:24:58,1.3
22.3045215,114.1604711,12:29:38,1.5
22.36503921,114.1140852,14:16:19,1.2
22.2856438,114.140087,22:13:30,1.7
22.33378821,114.1492764,08:25:44,1.2
22.30808181,114.2577468,09:02:20,1.7
22.27914,114.1639955,14:04:56,1.5
22.30454109,114.184996,07:31:20,1.2
22.37011166,114.1149976,18:53:51,1.5
22.2681141,114.1861513,13:57:42,1.5
22.2810902,114.1476903,12:46:12,1.5
22.3318208,114.1779721,23:32:32,1.4
22.29742676,114.1767604,09:23:54,1.5
22.27711999,114.1678205,14:24:10,1.2
22.3220692,114.2060127,09:31:49,1.5
22.2876902,114.1569734,18:20:56,1.8
22.2951224,114.1729109,16:50:01,1.4
22.2815596,114.2213963,14:58:27,1.3
22.2854691,114.2026472,12:58:21,3.5
22.2752393,114.1601369,12:59:08,1.2
22.28450147,114.1578989,20:06:51,1.5
22.27018066,114.1857396,08:53:31,1.4
22.28120102,114.1588207,12:13:40,1.6
22.2819755,114.1589677,00:38:39,1.5
22.28765796,114.2030698,11:23:42,1.5
22.2783769,114.1703691,12:40:36,2.1
22.3038077,114.1858783,08:20:43,2.1
22.2802858,114.1577407,15:54:15,1.4
22.2762522,114.1839752,17:09:36,2.1
22.2854347,114.1425424,12:10:33,1.7
22.38447877,114.1095257,14:13:21,2.2
22.2828557,114.159658,15:26:20,2.1
22.2821246,114.183979,14:57:00,1.3
22.2873314,114.1923258,19:03:53,1.7
22.31457784,114.1889451,08:25:16,1.5
22.28118823,114.1853665,14:51:31,1.4
22.2798442,114.163766,21:29:25,1.3
22.2801665,114.154961,23:04:53,1.5
22.2802816,114.1729411,22:43:19,1.7
22.31914991,114.1770105,07:27:58,1.2
22.27860886,114.1927263,09:24:09,1.5
22.2756071,114.1812495,19:03:12,1.3
22.30195604,114.1819243,23:09:31,1.4
22.28122673,114.1728027,17:08:55,1.5
22.277232,114.1654258,20:07:30,1.9
22.2815205,114.1741248,20:15:12,1.2
22.2863483,114.1567682,18:56:04,3.5
22.2877638,114.213386,18:57:45,2.8
22.2776188,114.1751227,22:27:25,1.7
22.2805944,114.1825085,16:50:59,1.2
22.2816656,114.1591467,17:41:15,1.5
22.3333373,114.1821236,14:16:39,1.4
22.27804951,114.1860954,15:25:03,1.5
22.28173112,114.1446242,12:10:28,1.9
22.33634662,114.1489664,18:03:38,1.4
22.2744174,114.1602746,09:29:41,2.1
22.32448017,114.188009,08:52:39,1.3
22.28011573,114.155443,12:32:29,1.7
22.2805573,114.1575968,22:14:24,1.2
22.2791531,114.1915562,22:35:54,1.2
22.2864312,114.14623,19:06:00,1.4
22.27982677,114.160128,22:27:15,1.2
22.276701,114.1694259,08:40:15,2.5
22.28402771,114.1453968,08:48:47,1.7
22.26985691,114.167735,18:50:29,1.3
22.27921543,114.1706863,18:52:17,1.5
22.26901811,114.1859821,11:53:52,1.7
22.2767356,114.1707418,22:33:38,1.2
22.2807133,114.176281,11:56:33,1.2
22.3738458,114.1089999,13:50:48,1.2
22.2840443,114.1582576,17:08:45,1.5
22.2852221,114.1407746,23:44:49,1.5
22.3190216,114.1933172,07:53:10,1.5
22.2979211,114.1743785,22:42:51,1.7
22.277965,114.1849986,14:41:44,1.2
22.2805275,114.1577596,21:34:47,1.5
22.2756537,114.1653007,11:50:26,1.7
22.2837088,114.2158305,12:46:57,2.6
22.2807203,114.1577704,18:45:15,2.3
22.2791967,114.1604567,15:48:14,1.6
22.2679033,114.1817633,17:26:46,1.2
22.28540886,114.1595162,18:16:55,1.2
22.30249261,114.1874867,12:46:46,1.6
22.2817994,114.158432,14:33:33,1.9
22.27524492,114.1565963,09:02:41,1.4
22.3033792,114.1629939,14:00:14,1.3
22.2843141,114.1568273,14:40:14,1.4
22.36964711,114.099257,13:28:33,1.5
22.37460739,114.1861981,13:20:06,1.5
22.2661102,114.1799865,14:52:19,1.4
22.3390291,114.2137167,08:35:27,2.1
22.2805141,114.1719501,14:54:44,1.5
22.280567,114.1573918,04:19:44,1.4
22.30537725,114.1733137,17:01:46,1.5
22.3040658,114.1857927,09:44:28,1.3
22.2998617,114.1732415,12:34:05,1.5
22.3005231,114.1724508,16:47:53,1.5
22.31816298,114.168918,12:51:57,1.2
22.320045,114.1731749,18:26:06,1.3
22.306114,114.1805308,18:48:56,1.5
22.2889813,114.1493232,13:10:51,1.9
22.270292,114.1862272,18:15:45,2.3
22.2819719,114.2135531,13:22:36,1.4
22.2728461,114.1530437,09:49:50,2
22.3068338,114.1668893,21:09:33,1.6
22.30316064,114.160046,22:05:53,2.5
22.2961383,114.170153,16:23:56,1.5
22.2728209,114.1209537,07:07:46,1.7
22.2843034,114.1550298,16:24:06,1.3
22.284517,114.1515802,19:26:32,2.6
22.282726,114.1721628,22:36:14,1.2
22.3410192,114.1732935,09:11:27,1.5
22.28655963,114.1939796,09:33:15,1.2
22.27900624,114.181637,22:40:22,1.2
22.29497519,114.1694786,22:37:34,1.5
22.28622224,114.1518699,17:16:17,1.8
22.2841091,114.1584425,16:33:57,1.4
22.3534016,114.2491483,10:32:06,1.2
22.27740231,114.1660039,12:47:49,1.7
22.3796827,114.1869653,13:00:44,1.2
22.3404712,114.1708448,08:41:59,1.5
22.27670677,114.1540915,07:12:21,1.7
22.30288,114.1593133,18:40:53,1.5
22.2849561,114.1577855,12:13:59,1.3
22.2803439,114.1725144,14:12:05,1.5
22.2805444,114.1550933,23:39:04,1.2
22.2753232,114.1741044,09:36:26,1.7
22.2826468,114.1445865,09:20:31,1.5
22.28630693,114.1485928,18:35:59,1.2
22.3152688,114.1693195,12:36:12,1.9
22.28566786,114.147761,16:43:39,1.5
22.286061,114.1436645,08:56:00,1.5
22.2805984,114.1574074,16:34:18,1.7
22.3032145,114.1611575,19:52:03,1.6
22.2776032,114.1842869,19:45:39,1.6
22.2809414,114.1561288,12:17:40,2.2
22.27722557,114.1646942,19:09:35,1.3
22.28145156,114.1739559,14:29:34,1.5
22.2853305,114.1582076,17:50:19,1.5
22.23611325,114.1979754,14:07:45,1.2
22.2815993,114.1559524,19:39:43,1.3
22.2773154,114.1645596,13:44:14,1.4
22.3238258,114.2094883,12:37:58,1.6
22.28539465,114.158098,15:27:03,1.5
22.28207965,114.1497362,07:11:34,1.2
22.27711283,114.165289,20:31:41,1.5
22.2794596,114.1499993,08:33:57,1.5
22.2719673,114.1804552,22:22:32,1.9
22.30013017,114.1853825,08:44:08,1.4
22.2758183,114.1853151,12:13:59,1.4
22.2818318,114.1571929,19:01:00,1.9
22.284771,114.1412405,07:05:39,1.5
22.2857495,114.149298,19:14:38,2.5
22.3691942,114.1204888,21:51:59,1.5
22.4031825,114.2062816,17:43:20,1.2
22.30448146,114.1602522,18:18:42,1.8
22.3064367,114.1723916,22:33:47,1.9
22.3265105,114.2686184,12:08:47,1.4
22.3039609,114.186194,08:50:32,1.7
22.3050969,114.1667736,13:53:59,1.6
22.28420214,114.1501112,07:24:09,1.7
22.2876892,114.1570163,07:47:22,1.5
22.29480107,114.1715148,14:19:24,1.5
22.31305535,114.219311,12:35:59,2
22.2866067,114.1516067,19:04:05,2.4
22.2875825,114.1978886,11:36:11,1.4
22.2775992,114.1652996,16:56:49,1.2
22.281485,114.1559222,22:47:20,1.5
22.38061357,114.2014972,13:19:44,1.2
22.2751529,114.1740438,07:35:29,1.5
22.2673598,114.1865509,11:42:31,1.5
22.2655113,114.1617394,08:03:57,1.4
22.2846367,114.1589617,18:50:32,2
22.28196164,114.1580289,19:28:59,1.9
22.2849838,114.1566906,18:58:01,2
22.31775731,114.1729565,12:27:21,2.1
22.2532909,114.1333533,15:08:45,1.3
22.2843168,114.154907,14:23:00,1.5
22.28028154,114.1737949,17:42:52,1.2
22.27681941,114.171539,19:40:51,1.5
22.26873203,114.1862663,18:51:39,1.7
22.2679333,114.1877569,08:42:44,2.1
22.27964584,114.1638481,23:41:00,1.5
22.28104,114.16174,21:40:50,1.4
22.27535099,114.1566494,12:26:35,1.5
22.2398667,114.1600113,11:56:52,1.5
22.277286,114.1660459,23:37:05,1.4
22.2814002,114.1599779,22:32:14,1.5
22.28041594,114.1739854,14:29:53,1.5
22.2791309,114.1647674,19:21:33,2.1
22.2988577,114.1775628,22:54:19,1.5
22.28038499,114.1577421,17:36:09,1.4
22.2806506,114.1627724,19:02:37,2.4
22.2862601,114.1945045,19:02:50,1.3
22.2821604,114.1554829,02:54:14,1.3
22.2841026,114.1459557,12:59:04,1.5
22.28500993,114.152992,17:25:49,1.5
22.2843012,114.1427426,18:19:46,1.4
22.27973834,114.1570759,12:12:42,2.4
22.2862799,114.1578981,19:24:40,3.1
22.22687613,114.1995317,13:29:46,1.8
22.30315201,114.18537,11:29:34,1.3
22.28276,114.153045,12:33:00,1.4
22.28154879,114.156405,16:29:37,1.3
22.3004681,114.1742472,18:51:02,1.7
22.2820261,114.1460325,10:37:54,1.3
22.2822163,114.1430072,08:19:52,1.7
22.278596,114.1510368,09:38:20,1.4
22.32234787,114.1706863,13:18:51,1.2
22.2807878,114.1576079,11:49:51,1.2
22.2786477,114.1927942,19:39:33,1.3
22.2759365,114.1704035,11:52:28,1.2
22.3182381,114.1560698,09:10:15,1.4
22.2776048,114.1662584,17:38:21,1.2
22.3082087,114.1774072,12:18:32,1.7
22.2724518,114.1726803,19:06:41,1.5
22.33617565,114.1407242,18:51:07,2.1
22.2975524,114.176819,16:48:22,1.4
22.26156126,114.1299488,13:15:05,1.9
22.2755343,114.178162,12:05:01,1.5
22.2551501,114.1934924,13:41:15,2.4
22.2859696,114.1617633,18:09:35,1.5
22.2717824,114.1771832,08:51:17,2
22.3360696,114.1477643,13:46:20,1.4
22.27969509,114.1624756,14:29:15,1.5
22.30058522,114.1790739,18:56:29,1.3
22.2848444,114.1569775,19:40:36,2.6
22.2854335,114.151462,19:21:24,1.7
22.3212603,114.1890858,13:27:51,1.2
22.2797107,114.1593328,21:39:59,1.5
22.284792,114.1519789,20:38:54,1.2
22.2844657,114.1315339,18:33:07,2.6
22.2838327,114.1587005,20:43:22,1.2
22.2689963,114.2358807,13:21:05,1.3
22.2813545,114.1560545,17:39:21,1.7
22.2877457,114.2132925,11:52:33,1.7
22.2789975,114.1607364,18:54:24,1.4
22.2806241,114.1764648,12:27:56,3.1
22.2873325,114.1458151,12:34:57,2.6
22.2754703,114.1678511,08:19:58,1.5
22.26410059,114.1916357,19:35:46,1.5
22.2855634,114.1484456,18:22:50,1.5
22.29684122,114.1705412,23:26:42,1.5
22.28507173,114.1584457,16:07:13,1.5
22.3035847,114.167421,23:47:49,1.2
22.3007262,114.1734162,22:35:24,1.4
22.3058907,114.1680338,18:06:59,1.5
22.2669915,114.1850011,11:45:38,2.1
22.32812405,114.1729671,16:50:28,1.2
22.3232019,114.1818999,19:28:58,1.2
22.27688841,114.1681243,22:15:43,1.4
22.27708,114.1542529,19:55:45,2.2
22.2739125,114.1776134,17:32:18,1.4
22.3061584,114.1726898,18:53:25,1.5
22.2832761,114.1265228,08:28:52,2.6
22.2726594,114.1259749,18:54:37,2
22.27402812,114.1775544,16:27:34,1.2
22.3046383,114.16049,14:40:42,1.4
22.28579892,114.1474928,18:41:02,1.7
22.28157693,114.1613067,23:41:39,1.5
22.28620896,114.1964875,18:10:53,2.3
22.2815865,114.1491253,13:45:02,1.6
22.3054733,114.1627783,17:59:21,1.5
22.237845,114.2003863,19:47:44,1.4
22.2780807,114.182331,12:23:05,2.2
22.3074225,114.1922922,17:08:26,1.2
22.28214277,114.1577475,04:56:10,1.3
22.30120604,114.1790067,15:08:02,1.6
22.2839617,114.1819983,18:03:03,1.5
22.2825885,114.1910033,16:14:28,1.4
22.28149932,114.1489267,08:47:25,1.7
22.2874889,114.1373476,08:55:29,3.2
22.29925686,114.1787435,19:05:40,1.3
22.27803352,114.1823687,23:30:10,1.3
22.3026185,114.1723327,20:18:27,1.4
22.30951654,114.2270522,18:30:55,1.2
22.2764353,114.1681944,19:05:56,1.3
22.2818311,114.1542148,21:32:27,1.5
22.305386,114.1696353,19:48:49,1.5
22.28063512,114.1575199,22:08:39,1.5
22.3341285,114.1423068,11:21:06,1.5
22.2808915,114.1508273,12:02:28,2.4
22.31905861,114.1932214,08:19:39,1.7
22.2838776,114.1588954,12:17:03,2.3
22.2836427,114.1507684,13:01:43,1.2
22.2768589,114.1676807,16:13:49,1.4
22.2671417,114.2446217,10:23:02,1.5
22.29642,114.1704838,14:32:25,1.2
22.2805557,114.1574576,02:16:30,1.5
22.2969082,114.1705371,22:33:00,1.3
22.31234784,114.2180646,13:02:19,1.5
22.2843383,114.1521783,17:39:19,1.5
22.30350292,114.1673801,09:35:35,1.3
22.3002228,114.1726695,21:17:06,1.2
22.29534992,114.1694007,19:06:18,1.5
22.2850983,114.155065,14:40:42,1.5
22.2701175,114.1859591,09:22:16,1.5
22.2752952,114.1529702,08:59:12,2.1
22.33836179,114.145838,18:43:53,1.5
22.2685033,114.1858353,09:32:37,1.2
22.2814532,114.1488514,08:45:19,1.5
22.2747534,114.1857772,07:44:03,2
22.2862957,114.1333539,13:26:16,2.2
22.3212129,114.1797415,17:45:00,1.3
22.28609526,114.1506846,16:19:37,1.3
22.3072067,114.1926333,12:38:08,1.2
22.28003273,114.172084,13:45:28,1.2
22.28183623,114.1447155,13:14:15,2
22.3180589,114.1560894,11:32:04,2.7
22.27037424,114.192738,12:32:09,1.3
22.2830563,114.1306017,07:58:41,1.5
22.276645,114.1650786,22:31:27,1.2
22.2840161,114.1512018,08:48:27,1.7
22.28449008,114.1393686,12:08:16,1.5
22.28516709,114.1582923,22:57:47,2
22.27817675,114.184739,14:51:19,1.7
22.31263735,114.2173516,12:52:54,1.2
22.27815649,114.1649058,13:09:54,1.3
22.334484,114.1424859,11:48:53,1.2
22.29742006,114.1732864,22:55:38,1.5
22.2790861,114.1609169,19:07:29,2.6
22.2818436,114.157505,20:46:34,1.2
22.3042363,114.1896613,13:32:10,1.3
22.2672386,114.1853896,18:36:45,2.5
22.2748156,114.1719493,00:07:03,1.5
22.26934645,114.1835191,15:06:19,1.5
22.2809494,114.1716805,17:03:21,1.2
22.3163188,114.1751744,11:36:27,1.4
22.29776312,114.1758402,13:01:51,1.7
22.2799415,114.1835297,17:41:42,1.2
22.2767254,114.1684212,21:36:36,1.5
22.2777312,114.1760244,18:50:24,1.8
22.2853183,114.1580067,19:32:21,1.3
22.2790062,114.1759025,19:20:37,1.2
22.28505142,114.1503122,18:07:10,1.5
22.2745817,114.1957506,14:37:28,1.5
22.3230278,114.1838878,16:54:24,1.4
22.278694,114.1774848,15:22:01,1.2
22.3045189,114.1604289,14:42:44,2.2
22.2816341,114.1609776,14:24:31,2.1
22.28201819,114.1563457,14:48:32,2.2
22.3684116,114.1133941,18:49:33,1.5
22.2805984,114.1719924,22:55:51,1.5
22.28525371,114.1499123,13:42:00,2.1
22.2750701,114.1720981,19:49:44,1.7
22.28579535,114.1536767,11:47:34,1.7
22.28039975,114.1549462,01:00:30,1.5
22.2750333,114.1733961,15:29:51,1.3
22.2827113,114.1523126,13:51:20,1.2
22.307139,114.1696919,20:23:19,1.5
22.3007305,114.1793926,23:35:23,1.2
22.2802641,114.1598074,23:03:29,1.5
22.2806218,114.1575972,22:17:35,1.5
22.2774426,114.1689779,08:41:15,1.5
22.3211373,114.178951,07:57:50,1.6
22.2799031,114.1792304,19:25:54,1.3
22.2801311,114.1557273,01:03:21,1.3
22.2745547,114.1578005,07:49:06,1.7
22.3343466,114.2099111,08:57:34,1.5
22.3030896,114.1605036,18:35:03,1.5
22.28498404,114.1515217,18:10:35,1.9
22.2747666,114.1282396,07:27:44,1.4
22.2937646,114.1738073,14:48:25,1.5
22.3003467,114.1732835,12:06:42,1.4
22.2773,114.1647573,18:00:48,2.1
22.2855578,114.1517889,13:23:30,1.5
22.2729497,114.1593619,04:38:06,1.5
22.2780462,114.1824216,17:41:12,1.4
22.27718082,114.1824352,14:56:05,1.5
22.2560846,114.133207,12:52:53,2.1
22.24966,114.1680783,22:27:01,1.6
22.2859611,114.1565731,19:18:39,2.3
22.28265,114.1934017,13:56:29,1.5
22.2825605,114.1594035,16:36:11,1.9
22.2809414,114.1508887,09:19:23,2.3
22.3343117,114.150095,15:06:26,1.2
22.2757589,114.1530668,07:37:14,1.4
22.2834858,114.1523182,14:36:06,1.5
22.2778833,114.182529,23:29:10,1.5
22.2746435,114.1688482,08:39:42,2.5
22.2843232,114.2192583,09:20:30,1.9
22.2875449,114.1572144,18:12:08,1.5
22.3182287,114.1566712,17:12:19,1.5
22.2755694,114.1821355,18:44:21,2
22.2798851,114.1527047,17:04:10,1.5
22.26833849,114.1846761,12:44:36,1.4
22.2793274,114.1550286,03:52:13,1.7
22.27761,114.182305,11:32:26,1.4
22.279776,114.1552404,20:22:55,1.5
22.287215,114.1478783,00:18:14,1.5
22.28160214,114.1594191,11:39:14,1.7
22.280321,114.1395733,07:58:59,2.3
22.30115452,114.1751201,16:42:07,1.4
22.27714946,114.1648361,18:20:02,1.5
22.2869268,114.1430003,08:24:01,1.5
22.2823071,114.1542981,19:48:43,2.6
22.2790483,114.1607481,19:19:25,2.6
22.2832569,114.1467506,13:58:28,1.5
22.3371528,114.1494516,12:25:48,1.8
22.2989368,114.1743368,22:06:27,2.2
22.29624218,114.1697903,18:53:52,1.7
22.285562,114.1429785,12:39:31,1.4
22.28644143,114.1383438,18:28:56,1.4
22.280943,114.1572056,08:13:09,1.6
22.31992943,114.1792248,13:22:23,1.9
22.2806282,114.170929,17:01:38,1.9
22.2775393,114.1692275,14:50:35,1.5
22.2828744,114.1582773,20:16:42,1.2
22.27830327,114.1846429,18:06:35,1.8
22.2801802,114.1518558,21:23:56,1.5
22.32560246,114.1624686,09:36:34,1.4
22.23845118,114.1972885,11:54:53,1.5
22.2817392,114.1480782,08:56:47,2.4
22.28779114,114.147562,12:05:21,1.5
22.279654,114.1515986,09:06:06,3.5
22.31559083,114.1633573,08:48:17,1.6
22.31844362,114.1864225,17:36:32,1.5
22.3032127,114.1618225,18:52:09,1.3
22.2938984,114.1736328,18:58:00,1.8
22.2791089,114.1605117,19:40:00,2.6
22.277631,114.1648119,18:15:08,1.3
22.2812733,114.1710683,15:47:07,1.3
22.28161355,114.1593701,23:22:18,1.2
22.2804203,114.159954,19:57:04,1.6
22.2811666,114.1546994,20:27:21,1.9
22.28675746,114.1394688,08:02:15,2.7
22.3030833,114.1607217,18:55:21,1.3
22.2986887,114.1677531,18:22:00,1.5
22.2783817,114.1521027,19:27:10,2.5
22.2955885,114.1683786,14:51:54,1.3
22.29556651,114.1694811,17:25:06,1.5
22.3054687,114.1733079,18:28:58,1.3
22.2824377,114.154481,03:09:43,1.4
22.2774343,114.1653408,16:27:22,1.6
22.3179408,114.1689469,19:42:25,1.3
22.2864733,114.19381,12:33:09,1.5
22.28506386,114.1961903,09:05:31,1.5
22.2845833,114.1546467,12:39:35,2.9
22.3262699,114.205184,11:43:59,1.2
22.3269916,114.1795342,12:16:10,2.3
22.2687592,114.183551,12:05:36,1.8
22.27885379,114.151763,12:46:45,2.6
22.2856925,114.1473264,12:34:51,2.4
22.29723457,114.1747635,12:40:17,1.4
22.2865711,114.1561831,14:45:52,2.2
22.3054637,114.160831,07:38:15,1.5
22.2869405,114.1443214,15:32:23,1.4
22.2694178,114.1848227,14:26:00,1.7
22.3274843,114.1826596,18:40:10,1.2
22.2811585,114.1621863,17:08:44,1.5
22.278184,114.1874778,07:59:25,1.5
22.3220578,114.2059171,19:33:35,1.4
22.28752355,114.1571485,18:21:08,1.5
22.28457453,114.1508776,18:54:56,1.8
22.2938191,114.1691041,13:57:55,1.3
22.2800539,114.1532665,19:15:03,1.8
22.2764563,114.1676938,14:51:27,1.5
22.30076195,114.1794011,15:06:40,1.5
22.2842997,114.1576392,08:27:51,1.2
22.3007407,114.1794499,23:01:11,1.5
22.28162,114.1555167,03:52:47,2.1
22.28519424,114.157505,16:53:08,1.2
22.3387108,114.1874238,23:08:28,1.5
22.29900304,114.1737334,17:01:49,1.4
22.281828,114.1448987,19:06:28,1.5
22.2756466,114.1819913,14:43:12,1.5
22.3409128,114.1967132,19:38:44,1.5
22.2786717,114.1855933,13:29:19,1.5
22.3116673,114.1868963,12:12:36,1.2
22.2753643,114.1616022,13:05:20,1.4
22.2947955,114.1718391,14:26:25,1.9
22.30453632,114.160307,14:23:28,1.9
22.3177774,114.1560177,13:09:09,1.2
22.2769809,114.1642872,23:03:31,1.3
22.34082003,114.2103611,11:44:09,1.6
22.2787693,114.1826788,19:35:10,1.9
22.2840018,114.1581727,19:26:05,2.2
22.29876001,114.1774803,18:25:24,1.5
22.2864137,114.1343453,18:47:24,2.3
22.28135416,114.1865803,12:08:56,2.6
22.2762367,114.1707767,17:34:58,1.5
22.2819633,114.1839117,23:09:20,1.5
22.2805664,114.1737377,19:54:32,1.6
22.28147285,114.1607206,18:38:47,1.2
22.28377,114.15471,22:11:20,1.5
22.2814455,114.1865727,19:50:21,1.7
22.2882106,114.1944856,08:27:44,1.2
22.2678255,114.188983,12:48:22,1.3
22.2860983,114.154895,17:59:41,2
22.28392502,114.1508976,08:56:55,1.5
22.2806237,114.218604,14:37:46,1.4
22.2994103,114.1681331,17:37:36,1.6
22.2757783,114.1607667,19:24:12,1.7
22.2817985,114.158293,14:54:50,1.5
22.3156625,114.2145199,20:19:21,1.3
22.2738957,114.1940094,08:52:37,1.3
22.28498694,114.1580773,23:31:35,1.2
22.28337805,114.1593608,22:50:13,1.4
22.2948908,114.1716884,18:09:14,1.5
22.2876985,114.1475814,13:06:45,1.4
22.28486504,114.1583633,22:25:17,1.5
22.274827,114.1735523,19:56:32,1.5
22.2967416,114.1700768,12:04:56,1.6
22.2812673,114.1564591,14:36:51,2.1
22.2826358,114.1549814,22:06:49,1.5
22.27755486,114.170923,18:25:53,1.5
22.2862418,114.1539185,19:10:33,1.3
22.27647597,114.1697348,15:10:31,1.4
22.2841492,114.1579753,16:15:39,1.4
22.2774667,114.1657567,23:19:15,1.5
22.2746818,114.1684305,14:59:34,1.3
22.27860144,114.1828442,22:35:27,1.5
22.2951776,114.1728688,18:09:43,1.7
22.2835319,114.1284854,15:28:10,1.5
22.2845832,114.1577623,19:29:10,1.7
22.28040368,114.1822842,19:00:28,1.7
22.2816863,114.1587797,14:23:45,1.5
22.2772879,114.1650483,17:53:23,1.5
22.27859132,114.1860748,20:08:11,1.3
22.3184058,114.1686468,18:58:39,1.3
22.2855641,114.1500406,17:41:37,1.4
22.27815642,114.1760117,22:59:40,1.5
22.2816377,114.1472683,12:34:11,2.2
22.29551807,114.1709604,13:17:21,1.7
22.2764942,114.1711427,16:42:23,1.4
22.2748816,114.1731343,19:15:42,1.9
22.29779421,114.1773166,17:38:14,1.5
22.3193917,114.18581,18:55:31,1.5
22.32098615,114.1896295,18:36:59,1.9
22.2816048,114.1423516,13:13:08,2.7
22.27599529,114.1721497,09:34:12,1.4
22.31574879,114.212907,18:57:56,1.2
22.2813198,114.1554304,22:44:36,1.5
22.2810517,114.1571983,14:23:18,1.5
22.283951,114.1587314,16:58:09,1.3
22.28149346,114.1567717,14:03:49,1.5
22.28176713,114.1491546,09:44:20,1.4
22.2806573,114.1576023,19:26:00,1.5
22.2400593,114.1599055,12:17:01,1.5
22.2859783,114.1522474,13:11:52,1.6
22.2852827,114.1385386,15:43:42,1.3
22.29515805,114.1695232,20:20:54,1.2
22.2841783,114.1487383,14:01:21,1.4
22.2733866,114.155,15:41:42,2
22.2822425,114.1534143,12:18:56,2.2
22.3358741,114.1754962,12:31:41,1.8
22.3098033,114.1727433,13:31:50,1.5
22.30033116,114.1725229,19:55:29,1.2
22.2816746,114.1318597,12:05:02,2.3
22.3014836,114.1785316,16:50:51,1.5
22.277175,114.1649133,12:43:33,1.7
22.28410678,114.1533259,19:11:44,1.8
22.2879399,114.1513245,19:03:46,1.6
22.3105011,114.1725907,14:58:06,1.5
22.2836783,114.1541017,21:12:27,1.5
22.32696948,114.1775783,13:46:19,1.5
22.27817212,114.1705446,19:30:59,1.3
22.284158,114.1583802,18:43:02,1.8
22.3189615,114.2135733,11:48:44,1.2
22.269714,114.1837164,19:31:36,1.9
22.2847392,114.1505359,23:21:04,1.8
22.29714508,114.1730165,22:42:07,1.3
22.3298454,114.1879344,11:55:07,1.2
22.2816928,114.1553703,19:10:17,1.3
22.28061,114.14941,09:10:13,3
22.27022806,114.1855177,22:07:41,1.3
22.27963476,114.151574,07:24:17,1.2
22.285813,114.1475096,09:50:28,1.2
22.27752428,114.1790009,22:23:44,1.7
22.29966953,114.1679278,18:18:30,1.8
22.2812517,114.1820983,22:12:09,1.9
22.27404586,114.1636016,15:32:45,1.5
22.27723517,114.1824488,18:47:23,2.4
22.300632,114.1791111,18:53:35,1.9
22.2808499,114.1478153,09:01:19,1.5
22.28198048,114.1454416,08:37:08,1.5
22.3013313,114.1835248,19:33:03,1.4
22.27396274,114.177673,17:52:28,1.5
22.2849586,114.156797,20:08:55,2.6
22.27657145,114.1693935,16:43:26,2.3
22.28373537,114.1586658,15:39:56,1.4
22.2811741,114.1613785,19:24:16,1.5
22.3045765,114.1843536,15:21:35,1.9
22.2780685,114.1849806,15:59:00,2.2
22.298715,114.1687484,19:18:01,1.9
22.28752693,114.1510827,12:34:52,2.9
22.2840172,114.192454,23:03:07,1.5
22.28662336,114.2147879,11:37:57,1.4
22.2787609,114.1776229,23:37:28,2
22.312248,114.1885151,11:40:12,1.3
22.28018794,114.1791161,11:57:53,3.2
22.2773892,114.1648427,23:41:17,1.4
22.28620355,114.1423372,18:31:20,1.6
22.2860626,114.149142,11:49:27,1.5
22.30457605,114.1602406,17:31:17,1.3
22.27634378,114.1593649,17:48:54,1.2
22.33520105,114.1628683,18:40:08,1.5
22.3447421,114.1489898,12:31:13,2.4
22.3186012,114.1682635,14:56:17,1.3
22.285596,114.1977424,18:49:09,1.2
22.2826136,114.1855547,18:54:59,1.6
22.28229804,114.1561242,13:39:08,1.6
22.2805917,114.1525,16:27:41,1.4
22.27812644,114.1710656,22:01:02,1.3
22.27733,114.1541517,18:27:29,2.1
22.28627872,114.1568131,21:10:43,1.5
22.3289626,114.173816,06:50:50,1.9
22.2864048,114.1571409,19:51:41,1.5
22.2784223,114.1523148,09:03:03,1.5
22.2805548,114.1664803,22:20:56,1.5
22.32064311,114.1833782,23:26:45,1.6
22.28231273,114.1855921,22:50:40,1.4
22.2739868,114.1776373,12:17:58,1.5
22.28164975,114.1592147,18:47:30,1.9
22.27643683,114.1721842,09:47:39,1.5
22.2765678,114.1651839,09:20:58,2.3
22.2827006,114.1483319,08:00:35,1.4
22.27945262,114.1922189,08:33:34,1.7
22.275333,114.1829789,14:38:16,1.2
22.2819063,114.1584548,18:22:04,1.9
22.2819766,114.1581549,19:10:03,1.4
22.27702076,114.1703601,22:32:20,1.2
22.28067078,114.1503638,07:40:44,1.4
22.278285,114.1659668,22:15:26,1.2
22.3134304,114.1716,11:19:08,1.5
22.2803073,114.1843546,16:05:34,1.4
22.2785664,114.178932,16:42:54,1.5
22.27340924,114.1845285,14:38:29,1.5
22.28045637,114.1572735,13:55:44,1.3
22.3032942,114.1630392,18:02:27,1.3
22.2993718,114.1790882,23:43:26,1.8
22.2818479,114.1574401,16:55:04,1.8
22.2688618,114.1871115,14:47:45,1.2
22.2707247,114.184903,13:44:36,2.1
22.366192,114.2582625,13:27:20,1.3
22.24879168,114.1679702,14:46:33,2.1
22.33084,114.1733638,16:41:06,1.3
22.28979507,114.2040962,09:17:40,2.4
22.24371366,114.1530926,16:24:07,1.5
22.33501753,114.1804099,11:33:52,2
22.2769233,114.1547779,13:37:05,1.5
22.3198002,114.1762412,12:59:22,1.7
22.2829891,114.1595002,12:43:16,1.2
22.2784022,114.1857469,16:51:31,1.2
22.28555412,114.1909751,17:04:58,1.5
22.28400691,114.1460558,17:32:30,1.6
22.2777269,114.1691551,17:53:06,1.5
22.28614915,114.1480591,14:32:57,2.1
22.285201,114.158447,22:24:22,1.3
22.3187913,114.1714054,20:32:17,1.2
22.2773602,114.1663452,17:09:27,1.5
22.27757078,114.1649451,19:21:55,1.6
22.2857976,114.156834,20:18:04,1.5
22.285085,114.2134883,19:09:27,2.5
22.28072,114.1574517,00:39:37,1.5
22.2994256,114.1684982,22:35:27,1.4
22.290421,114.1949006,08:24:25,1.5
22.3311549,114.1772425,12:42:06,1.8
22.281469,114.1591304,17:38:06,1.4
22.2737934,114.1922989,09:34:32,1.4
22.28196051,114.1512723,12:34:29,2.2
22.27690507,114.1715429,19:54:36,1.5
22.28163073,114.1562698,04:43:12,1.4
22.2787665,114.1868866,19:08:45,1.3
22.27614984,114.1561308,11:57:19,2.4
22.2824662,114.150057,12:08:15,1.6
22.2764642,114.180386,23:07:58,2.2
22.281609,114.1491268,17:45:50,1.4
22.27747629,114.18001,18:56:39,2
22.2812822,114.1621531,19:04:38,1.5
22.2745013,114.1578956,18:28:03,1.4
22.2817837,114.143783,06:37:25,1.5
22.2715625,114.1855902,08:18:57,1.8
22.2772441,114.182447,09:56:13,1.7
22.27699871,114.1794701,22:35:14,1.2
22.27391614,114.1529495,09:32:56,2.1
22.27529743,114.1848936,07:27:40,1.5
22.2852241,114.1585601,19:35:54,1.5
22.28212433,114.184106,22:50:01,1.5
22.2767669,114.1541974,07:12:08,1.4
22.2839798,114.1586122,18:56:03,2.2
22.323054,114.1840138,23:05:55,1.8
22.2826915,114.1286789,12:31:27,1.2
22.32238016,114.1756219,19:11:49,1.5
22.27557735,114.1708275,13:41:27,1.9
22.2765093,114.1678892,16:45:25,1.5
22.3005256,114.1738381,13:22:00,1.2
22.31459957,114.1642733,19:16:30,1.5
22.2774746,114.1762502,23:32:14,1.2
22.297664,114.1744174,17:07:06,1.2
22.26808862,114.1814861,12:14:32,2.1
22.2771471,114.1647243,20:17:52,1.2
22.2754719,114.1711559,09:22:38,1.5
22.2817138,114.1581548,19:50:32,2.5
22.28635116,114.1569573,18:37:03,3.1
22.2871276,114.1951721,08:18:41,1.5
22.2816174,114.1824772,18:03:57,1.5
22.28029489,114.1630528,18:26:38,1.8
22.2820739,114.183524,15:29:28,1.5
22.2992032,114.1682989,13:28:37,1.6
22.27896837,114.160723,20:27:33,1.9
22.2850709,114.1585079,18:01:21,1.5
22.3532977,114.2489792,14:01:12,1.4
22.2772824,114.1650096,00:06:44,1.5
22.27745707,114.1653177,12:35:40,1.5
22.2865103,114.1566508,22:14:13,1.5
22.27757616,114.1695297,18:16:10,1.5
22.2806828,114.1709366,14:37:50,1.5
22.31947,114.175028,12:27:44,1.4
22.28734156,114.2131189,19:46:03,1.2
22.2846557,114.1484618,18:52:52,2.4
22.2836632,114.1541674,13:26:27,1.5
22.2823479,114.1594128,19:58:53,1.8
22.2955839,114.1697613,19:51:28,1.3
22.2823593,114.1842094,20:00:42,1.5
22.28060238,114.180122,19:47:28,2.1
22.2823024,114.1551478,19:40:50,1.4
22.2779645,114.1864264,14:39:06,1.7
22.3038921,114.1861071,16:47:00,1.4
22.2801012,114.1544996,16:59:36,1.8
22.3045583,114.1603001,20:55:14,1.2
22.30123252,114.1835943,11:50:07,1.9
22.31072866,114.191073,12:29:42,3.1
22.28043267,114.1823646,03:44:43,1.4
22.28190172,114.1449541,12:19:25,3.2
22.2804617,114.171705,15:12:16,1.4
22.2809635,114.1821438,14:54:53,2.1
22.30312946,114.1598417,23:38:04,1.5
22.267119,114.1818908,11:48:55,1.2
22.2807576,114.1736535,12:07:22,1.3
22.2999536,114.1720527,21:43:30,1.5
22.24975625,114.168391,13:57:10,1.3
22.27167759,114.177763,11:51:06,1.2
22.2789614,114.1813307,22:43:30,1.4
22.303188,114.160007,23:00:41,1.5
22.3234336,114.1678203,21:05:22,1.5
22.3011501,114.1752454,21:36:35,1.5
22.37994948,114.1964275,08:59:48,1.5
22.27733248,114.1685198,18:45:22,1.8
22.30020809,114.1786709,12:41:53,1.2
22.28337294,114.1593698,18:11:19,1.3
22.28508919,114.1529524,21:53:06,1.5
22.2843415,114.1454325,11:46:04,1.4
22.2840533,114.1819675,20:05:24,1.3
22.2825124,114.1492586,07:34:49,1.4
22.2882489,114.192055,14:31:34,1.2
22.29379048,114.1737835,23:18:42,1.4
22.2825803,114.214118,12:48:26,1.5
22.2800175,114.1809766,13:00:00,1.7
22.30452844,114.1624777,18:18:05,1.2
22.3325206,114.1795966,15:42:46,1.4
22.2678398,114.1284123,12:54:31,1.5
22.34350149,114.1549331,12:35:10,1.6
22.2851617,114.15806,19:16:37,1.9
22.3163343,114.1765602,08:35:21,1.6
22.30670091,114.1622396,14:00:42,1.2
22.28520469,114.1415499,22:53:50,1.5
22.2775348,114.1653138,16:09:47,1.4
22.2855872,114.1593099,18:20:41,1.4
22.2804355,114.1549334,02:47:31,1.5
22.2706417,114.177945,08:41:54,1.2
22.28480036,114.1562285,20:19:17,1.5
22.2746125,114.17333,17:26:47,1.2
22.2801859,114.1574019,22:13:07,1.5
22.2988367,114.177635,22:52:22,1.6
22.27909892,114.1639988,13:09:56,1.4
22.2792217,114.1788043,22:25:13,1.5
22.30652356,114.1711744,01:26:11,1.2
22.27586016,114.1844559,11:26:30,1.7
22.28524183,114.1581775,20:40:50,1.5
22.28519525,114.158247,15:10:33,1.3
22.284342,114.1585768,20:11:01,1.4
22.2831695,114.1522352,18:41:11,1.8
22.29991496,114.17364,22:04:40,2.2
22.2743657,114.1713455,17:01:01,1.2
22.2762129,114.1671886,19:14:46,1.5
22.3389047,114.1498228,12:37:02,1.2
22.28428715,114.1541767,17:31:53,1.6
22.28466505,114.1585372,20:44:21,1.6
22.2835724,114.1519998,20:23:51,1.9
22.2805552,114.1575908,15:06:22,1.5
22.27976889,114.1398493,14:34:12,2.8
22.2773293,114.1683351,19:25:15,1.5
22.2874612,114.1571428,12:14:41,1.3
22.28537034,114.1481281,22:02:27,1.2
22.27347693,114.174512,08:15:29,1.5
22.2865291,114.1429421,09:14:54,3
22.27540151,114.1561491,14:57:27,1.5
22.28293134,114.1934241,12:23:03,1.6
22.2808631,114.1548161,14:01:56,1.4
22.27990391,114.1593913,16:20:55,1.4
22.2687655,114.1759304,19:00:11,1.7
22.319211,114.1856916,14:14:02,1.5
22.2793518,114.1615234,12:28:20,2.5
22.2808081,114.1572584,13:43:54,1.4
22.3850982,114.1875008,19:16:22,1.7
22.2765591,114.1677655,13:27:46,1.5
22.2830507,114.1268589,13:21:48,1.5
22.32506039,114.1710863,19:11:08,1.4
22.30287147,114.1827158,18:03:51,2
22.3354786,114.1427858,17:39:45,1.2
22.2743929,114.1734969,17:48:54,1.5
22.26795273,114.1250551,13:06:24,1.3
22.2798733,114.1514867,05:38:49,1.5
22.3012797,114.1760993,23:09:49,2.1
22.3658483,114.122925,19:13:20,1.5
22.2678818,114.1847245,15:04:30,2.1
22.3161592,114.2650308,13:00:04,1.2
22.28114235,114.1853828,16:51:28,1.4
22.28175984,114.1838268,04:37:13,1.4
22.2838097,114.149305,17:48:19,1.4
22.26760084,114.1869452,14:24:52,1.5
22.27688987,114.1640675,01:31:52,1.5
22.28180593,114.1574546,03:16:19,1.5
22.3037187,114.1592359,08:55:29,1.7
22.2848166,114.1580859,12:32:35,2.9
22.3911373,114.2086659,11:55:29,1.7
22.2850858,114.1530155,01:18:17,1.5
22.2820198,114.1551622,18:24:39,1.2
22.2714438,114.1856104,07:37:22,2
22.2703874,114.1279826,11:01:52,1.8
22.30098,114.178125,22:12:46,2.3
22.2835463,114.130635,10:53:02,1.8
22.28491077,114.1583144,21:45:17,1.5
22.2774383,114.1832901,12:44:09,1.2
22.2913926,114.2043905,12:26:10,1.4
22.2782629,114.1819606,14:08:22,1.5
22.2753909,114.1618168,14:17:46,1.5
22.30791897,114.1926583,18:59:53,1.3
22.2821644,114.1284517,14:25:28,1.5
22.31744,114.2690217,12:27:04,1.3
22.29033046,114.1938781,18:36:24,1.3
22.2749697,114.1718321,17:01:05,1.5
22.285331,114.1583147,14:23:22,1.5
22.31785387,114.156803,19:27:02,1.8
22.274914,114.168165,14:47:40,1.2
22.28543723,114.150561,09:17:29,1.5
22.2761035,114.1563376,12:11:44,2.3
22.2769619,114.1650399,14:59:07,1.4
22.2787686,114.1606268,19:43:19,1.4
22.31468411,114.1796137,11:59:48,1.6
22.29373,114.1737367,14:27:42,1.5
22.31696949,114.1820143,14:22:48,1.5
22.2802008,114.157857,18:11:26,2
22.3216717,114.1930433,08:43:08,1.5
22.2877941,114.1475663,09:20:08,2.3
22.2811916,114.1863171,16:01:49,1.3
22.3266952,114.1835923,14:20:35,1.5
22.32431326,114.1695926,18:15:49,1.4
22.2815994,114.1481739,07:37:54,1.7
22.28229172,114.1265927,18:56:24,2.2
22.2827642,114.1530727,23:46:00,1.2
22.304241,114.1721619,09:08:34,1.6
22.2869238,114.1358941,16:38:27,1.8
22.28035112,114.169708,22:46:40,1.4
22.2862254,114.1564474,18:29:11,1.4
22.29489994,114.1728766,08:19:21,1.5
22.2807997,114.157238,18:54:21,1.6
22.27987837,114.1728746,15:27:47,1.5
22.2833416,114.1588349,18:31:57,2.8
22.28646466,114.1483821,20:58:56,1.4
22.2757587,114.1705061,14:42:24,1.2
22.2866838,114.143297,09:05:59,1.9
22.2955449,114.1722871,22:24:00,1.3
22.2773117,114.1654584,19:55:06,1.3
22.28047191,114.1733094,17:00:49,1.5
22.2800209,114.1588155,17:18:27,1.6
22.2774812,114.1650715,23:03:57,2.2
22.281551,114.1573144,03:31:32,1.5
22.2810467,114.15047,07:11:57,1.5
22.27726562,114.1651515,12:14:03,2.5
22.2879609,114.1509204,17:29:10,1.4
22.27715925,114.1802288,12:56:54,1.5
22.283505,114.1508867,14:19:08,2.1
22.2795865,114.1552348,23:31:23,1.5
22.2784147,114.1611918,18:36:45,1.2
22.27816579,114.1827226,20:12:36,1.5
22.2771384,114.1719298,12:35:59,2.1
22.307898,114.2585942,19:15:38,1.3
22.28199981,114.1447722,12:32:23,1.5
22.2836267,114.150645,10:41:22,1.3
22.279331,114.1602961,19:08:26,1.8
22.28546229,114.1511656,18:37:43,1.9
22.2791437,114.1609746,19:23:54,1.8
22.27774057,114.166016,09:42:51,1.5
22.28028983,114.163064,18:30:57,1.7
22.3184899,114.1611649,12:14:18,1.6
22.27420171,114.1533137,08:43:53,1.7
22.28574308,114.1317762,18:11:17,1.5
22.2815755,114.1514789,07:24:01,1.9
22.2851729,114.1376367,08:41:09,2.5
22.2839605,114.1820258,22:05:57,1.3
22.2852109,114.1489523,09:13:42,3.2
22.2852873,114.1545402,13:54:33,1.5
22.2710551,114.1848237,08:37:37,2.2
22.2861898,114.1965585,17:03:15,2.1
22.2844717,114.1548033,13:29:27,1.6
22.2487047,114.1825621,19:08:54,1.5
22.30291135,114.1628658,18:52:22,1.6
22.3155869,114.1712481,12:40:33,1.5
22.27298972,114.1858917,18:14:34,1.5
22.2772667,114.1655351,14:33:19,2.1
22.28421273,114.1543065,17:24:56,1.6
22.2770544,114.1642947,17:45:13,1.2
22.282513,114.1499826,19:22:33,1.7
22.2788333,114.1786617,14:19:49,1.5
22.29953205,114.1683077,19:20:19,1.4
22.2819986,114.1849368,21:53:46,1.5
22.3394489,114.1799789,15:01:59,1.9
22.28519345,114.1582001,20:03:22,1.9
22.2750224,114.1719833,17:17:12,1.7
22.33100936,114.1489651,08:21:58,1.3
22.27901293,114.1605842,17:22:26,1.5
22.2787405,114.1852288,19:47:49,1.4
22.28062373,114.15753,20:17:31,1.5
22.2681315,114.1801309,08:09:56,1.5
22.287251,114.1466296,18:09:44,1.5
22.2804891,114.1827882,19:41:22,2.1
22.2831937,114.156765,17:14:37,1.4
22.2815333,114.1515483,12:27:39,2.4
22.3180285,114.1562348,17:28:39,1.3
22.287135,114.1590483,14:29:40,1.4
22.2778176,114.1736358,19:20:28,2.7
22.2844188,114.1561162,13:46:24,1.2
22.2819975,114.152449,14:26:19,2
22.30018708,114.1853183,23:12:48,1.5
22.28732865,114.2119373,12:19:12,2.6
22.2704064,114.1935852,07:06:54,1.5
22.3030667,114.1605433,18:25:20,2
22.3377204,114.1463692,14:45:45,1.5
22.2820779,114.1560836,02:06:36,1.5
22.2843762,114.1540172,17:46:40,2
22.2804733,114.15584,16:37:05,1.5
22.2833314,114.1589284,12:16:17,2.3
22.3367521,114.2084623,11:44:23,1.2
22.2774244,114.1685096,19:07:58,1.3
22.286234,114.1479487,18:35:31,1.2
22.27771993,114.1660325,13:11:49,1.4
22.2792469,114.160839,12:06:28,1.6
22.28818,114.2122908,20:06:37,1.6
22.2823962,114.159379,19:13:10,1.5
22.2755928,114.1566349,06:06:11,1.5
22.30385806,114.1618276,06:17:37,1.2
22.27910052,114.17808,23:02:17,1.2
22.2755179,114.1830662,22:59:24,1.2
22.28087,114.1566567,04:10:10,1.5
22.2862658,114.2172423,18:54:22,1.9
22.2791181,114.1529842,12:59:22,1.5
22.2790569,114.1649865,17:41:42,1.7
22.2828214,114.1487552,19:35:50,2.3
22.28675986,114.1602081,18:29:44,1.9
22.2773614,114.16487,13:42:44,1.9
22.2807168,114.1572058,02:09:15,1.9
22.2848394,114.156574,17:39:50,1.4
22.2790024,114.1508056,13:54:57,1.3
22.31655716,114.2227537,11:44:17,1.3
22.28076076,114.1574217,18:28:06,1.5
22.2842847,114.1559525,16:03:38,1.5
22.28207001,114.142509,11:56:48,1.6
22.2778538,114.1742992,15:31:40,1.3
22.2767531,114.1740424,19:12:03,1.3
22.3053302,114.1905211,09:02:03,1.6
22.2839455,114.1588067,18:25:45,1.9
22.27455357,114.1732547,19:34:35,1.3
22.27622356,114.1563373,19:36:06,1.5
22.2722416,114.1765769,09:42:42,1.6
22.28102583,114.1821718,21:52:26,1.5
22.2808467,114.156715,20:07:42,1.9
22.2950124,114.1718407,17:54:35,1.5
22.2789058,114.1777356,19:07:34,1.3
22.2850286,114.15491,16:50:01,1.4
22.2776512,114.1663558,22:14:37,1.5
22.28037,114.1750383,19:55:05,1.5
22.27122491,114.1848007,17:52:04,1.5
22.3373168,114.1496164,19:34:42,1.4
22.27623149,114.169897,21:54:12,1.5
22.282531,114.1556211,20:06:07,1.3
22.31068,114.1911067,12:54:49,1.5
22.28565286,114.1524496,20:27:36,1.9
22.3342846,114.1764772,08:33:24,1.5
22.2806837,114.1574257,23:32:14,1.5
22.2773027,114.1653325,20:00:21,1.5
22.2850327,114.1528545,19:40:16,1.4
22.28472236,114.2122563,13:11:39,1.9
22.2785705,114.1713862,15:54:40,1.7
22.299732,114.1726224,15:15:46,1.9
22.27761584,114.1735386,19:40:02,2.1
22.39922152,114.1947504,13:33:25,1.3
